timestamp,date,generator_status,populate_status,message
2026-04-21T18:13:39.906611,2026-01-01,SKIPPED,OK,
2026-04-21T18:13:46.316262,2026-01-01,N/A,REFRESH_OK,Refresh final ejecutado correctamente
2026-04-21T18:15:44.509840,2026-01-01,SKIPPED,OK,
2026-04-21T18:15:50.970802,2026-01-01,N/A,REFRESH_OK,Refresh final ejecutado correctamente
2026-04-21T18:16:45.485921,2026-01-01,SKIPPED,OK,
2026-04-21T18:16:46.384917,2026-01-02,SKIPPED,OK,
2026-04-21T18:16:50.019838,2026-01-03,SKIPPED,OK,
2026-04-21T18:16:50.991039,2026-01-04,SKIPPED,OK,
2026-04-21T18:16:57.494355,2026-01-04,N/A,REFRESH_OK,Refresh final ejecutado correctamente
2026-04-21T18:17:38.072072,2026-01-01,SKIPPED,OK,
2026-04-21T18:17:44.460339,2026-01-01,N/A,REFRESH_OK,Refresh final ejecutado correctamente
2026-04-21T18:18:05.979971,2026-01-01,SKIPPED,OK,
2026-04-21T18:18:06.872790,2026-01-02,SKIPPED,OK,
2026-04-21T18:18:13.359259,2026-01-02,N/A,REFRESH_OK,Refresh final ejecutado correctamente
2026-04-21T18:19:47.649227,2026-01-01,SKIPPED,OK,
2026-04-21T18:19:48.547606,2026-01-02,SKIPPED,OK,
2026-04-21T18:19:55.091748,2026-01-02,N/A,REFRESH_OK,Refresh final ejecutado correctamente
2026-04-21T18:21:09.164062,2026-01-01,SKIPPED,OK,
2026-04-21T18:21:10.115862,2026-01-02,SKIPPED,OK,
2026-04-21T18:21:11.022545,2026-01-03,SKIPPED,OK,
2026-04-21T18:21:12.012712,2026-01-04,SKIPPED,OK,
2026-04-21T18:21:18.603189,2026-01-04,N/A,REFRESH_OK,Refresh final ejecutado correctamente
2026-04-21T18:22:33.204323,2026-01-01,SKIPPED,OK,
2026-04-21T18:22:34.088729,2026-01-02,SKIPPED,OK,
2026-04-21T18:22:34.918972,2026-01-03,SKIPPED,OK,
2026-04-21T18:22:35.763636,2026-01-04,SKIPPED,OK,
2026-04-21T18:23:01.953681,2026-01-05,OK,OK,
2026-04-21T18:23:08.413700,2026-01-05,N/A,REFRESH_OK,Refresh final ejecutado correctamente
2026-04-21T18:25:07.845545,2026-01-01,SKIPPED,OK,
2026-04-21T18:25:08.784097,2026-01-02,SKIPPED,OK,
2026-04-21T18:25:09.643577,2026-01-03,SKIPPED,OK,
2026-04-21T18:25:10.546462,2026-01-04,SKIPPED,OK,
2026-04-21T18:25:11.447651,2026-01-05,SKIPPED,OK,
2026-04-21T18:25:42.199695,2026-01-06,OK,OK,
2026-04-21T18:26:14.967162,2026-01-07,OK,OK,
2026-04-21T18:26:49.340021,2026-01-08,OK,OK,
2026-04-21T18:27:18.119297,2026-01-09,OK,OK,
2026-04-21T18:27:27.880291,2026-01-10,OK,OK,
2026-04-21T18:27:31.802650,2026-01-11,OK,OK,
2026-04-21T18:28:02.004729,2026-01-12,OK,OK,
2026-04-21T18:28:35.128671,2026-01-13,OK,OK,
2026-04-21T18:29:20.341967,2026-01-14,OK,OK,
2026-04-21T18:30:06.246672,2026-01-15,OK,OK,
2026-04-21T18:30:41.526706,2026-01-16,OK,OK,
2026-04-21T18:30:53.489936,2026-01-17,OK,OK,
2026-04-21T18:30:57.762696,2026-01-18,OK,OK,
2026-04-21T18:31:37.765134,2026-01-19,OK,OK,
2026-04-21T18:32:20.678589,2026-01-20,OK,OK,
2026-04-21T18:33:09.372599,2026-01-21,OK,OK,
2026-04-21T18:33:37.142800,2026-01-22,OK,OK,
2026-04-21T18:34:05.865657,2026-01-23,OK,OK,
2026-04-21T18:34:18.152616,2026-01-24,OK,OK,
2026-04-21T18:34:22.624187,2026-01-25,OK,OK,
2026-04-21T18:34:48.120921,2026-01-26,OK,OK,
2026-04-21T18:35:14.499119,2026-01-27,OK,OK,
2026-04-21T18:35:39.380818,2026-01-28,OK,OK,
2026-04-21T18:36:04.193454,2026-01-29,OK,OK,
2026-04-21T18:36:30.907073,2026-01-30,OK,OK,
2026-04-21T18:36:39.791566,2026-01-31,OK,OK,
2026-04-21T18:36:44.723699,2026-02-01,OK,OK,
2026-04-21T18:37:13.509699,2026-02-02,OK,OK,
2026-04-21T18:37:43.130687,2026-02-03,OK,OK,
2026-04-21T18:38:10.057973,2026-02-04,OK,OK,
2026-04-21T18:38:34.070812,2026-02-05,OK,OK,
2026-04-21T18:38:59.039779,2026-02-06,OK,OK,
2026-04-21T18:39:10.186067,2026-02-07,OK,OK,
2026-04-21T18:39:15.053157,2026-02-08,OK,OK,
2026-04-21T18:39:40.782822,2026-02-09,OK,OK,
2026-04-21T18:41:06.024759,2026-02-10,OK,OK,
2026-04-21T18:41:39.037379,2026-02-11,OK,OK,
2026-04-21T18:42:05.807508,2026-02-12,OK,OK,
2026-04-21T18:42:31.292966,2026-02-13,OK,OK,
2026-04-21T18:42:43.317996,2026-02-14,OK,OK,
2026-04-21T18:42:48.168423,2026-02-15,OK,OK,
2026-04-21T18:43:14.007278,2026-02-16,OK,OK,
2026-04-21T18:43:39.532795,2026-02-17,OK,OK,
2026-04-21T18:44:08.211684,2026-02-18,OK,OK,
2026-04-21T18:45:34.417642,2026-02-19,OK,OK,
2026-04-21T18:45:57.512394,2026-02-20,OK,OK,
2026-04-21T18:46:09.963141,2026-02-21,OK,OK,
2026-04-21T18:46:15.045837,2026-02-22,OK,OK,
2026-04-21T18:46:39.114931,2026-02-23,OK,OK,
2026-04-21T18:47:05.813654,2026-02-24,OK,OK,
2026-04-21T18:47:28.822153,2026-02-25,OK,OK,
2026-04-21T18:47:53.438878,2026-02-26,OK,OK,
2026-04-21T18:48:13.555436,2026-02-27,OK,OK,
2026-04-21T18:48:21.844620,2026-02-28,OK,OK,
2026-04-21T18:48:27.262122,2026-03-01,OK,OK,
2026-04-21T18:48:54.393546,2026-03-02,OK,OK,
2026-04-21T18:49:20.705090,2026-03-03,OK,OK,
2026-04-21T18:49:48.285846,2026-03-04,OK,OK,
2026-04-21T18:50:12.245970,2026-03-05,OK,OK,
2026-04-21T18:50:37.120885,2026-03-06,OK,OK,
2026-04-21T18:50:48.040793,2026-03-07,OK,OK,
2026-04-21T18:50:55.195508,2026-03-08,OK,OK,
2026-04-21T18:51:12.391310,2026-03-09,OK,OK,
2026-04-21T18:51:26.861919,2026-03-10,OK,OK,
2026-04-21T18:51:41.712462,2026-03-11,OK,OK,
2026-04-21T18:51:55.585776,2026-03-12,OK,OK,
2026-04-21T18:52:09.332545,2026-03-13,OK,OK,
2026-04-21T18:52:17.798855,2026-03-14,OK,OK,
2026-04-21T18:52:24.258832,2026-03-15,OK,OK,
2026-04-21T18:52:41.373622,2026-03-16,OK,OK,
2026-04-21T18:52:57.229829,2026-03-17,OK,OK,
2026-04-21T18:53:13.103934,2026-03-18,OK,OK,
2026-04-21T18:53:30.025385,2026-03-19,OK,OK,
2026-04-21T18:53:46.597040,2026-03-20,OK,OK,
2026-04-21T18:53:56.007384,2026-03-21,OK,OK,
2026-04-21T18:54:01.380029,2026-03-22,OK,OK,
2026-04-21T18:54:21.031480,2026-03-23,OK,OK,
2026-04-21T18:54:41.781658,2026-03-24,OK,OK,
2026-04-21T18:55:02.252567,2026-03-25,OK,OK,
2026-04-21T18:55:20.420583,2026-03-26,OK,OK,
2026-04-21T18:55:39.229208,2026-03-27,OK,OK,
2026-04-21T18:55:48.055681,2026-03-28,OK,OK,
2026-04-21T18:55:53.819396,2026-03-29,OK,OK,
2026-04-21T18:56:12.199615,2026-03-30,OK,OK,
2026-04-21T18:56:34.606054,2026-03-31,OK,OK,
2026-04-21T18:56:51.728943,2026-04-01,OK,OK,
2026-04-21T18:56:58.271247,2026-04-02,OK,OK,
2026-04-21T18:57:04.567003,2026-04-03,OK,OK,
2026-04-21T18:57:13.858361,2026-04-04,OK,OK,
2026-04-21T18:57:19.981667,2026-04-05,OK,OK,
2026-04-21T18:57:42.231162,2026-04-06,OK,OK,
2026-04-21T18:58:02.686929,2026-04-07,OK,OK,
2026-04-21T18:58:24.667776,2026-04-08,OK,OK,
2026-04-21T18:58:44.638942,2026-04-09,OK,OK,
2026-04-21T18:59:09.260570,2026-04-10,OK,OK,
2026-04-21T18:59:20.396481,2026-04-11,OK,OK,
2026-04-21T18:59:26.812019,2026-04-12,OK,OK,
2026-04-21T18:59:46.052147,2026-04-13,OK,OK,
2026-04-21T19:00:02.356984,2026-04-14,OK,OK,
2026-04-21T19:00:25.638022,2026-04-15,OK,OK,
2026-04-21T19:00:43.695237,2026-04-16,OK,OK,
2026-04-21T19:01:01.041601,2026-04-17,OK,OK,
2026-04-21T19:01:12.374280,2026-04-18,OK,OK,
2026-04-21T19:01:21.163350,2026-04-19,OK,OK,
2026-04-21T19:01:25.407907,2026-04-20,SKIPPED,OK,
2026-04-21T19:01:29.551150,2026-04-21,SKIPPED,OK,
2026-04-21T19:01:39.103756,2026-04-21,N/A,REFRESH_OK,Refresh final ejecutado correctamente
